Price,PreviousOwnerRating,Age,general_square_footage,HeatingCosts,Location_numeric,HasFiberglass_numeric,Bedrooms,Bathrooms,IsFurnished_numeric
96.41513,1.65,68.0,59.0,78.0,2.0,0.0,1.0,1.0,1.0
78.5687,3.06,20.0,94.0,78.0,2.0,0.0,1.0,1.0,1.0
184.70391,3.12,40.0,128.0,78.0,3.0,0.0,1.0,1.0,1.0
246.09376,4.27,69.0,118.0,67.2,1.0,1.0,1.0,2.0,1.0
241.27139,1.41,16.0,72.0,78.0,2.0,0.0,1.0,1.0,0.0
140.79436,4.57,42.0,98.0,78.0,3.0,0.0,2.0,1.0,0.0
259.71566,1.35,63.0,116.0,174.4,1.0,0.0,1.0,1.0,1.0
452.49783,2.47,15.0,160.0,78.0,1.0,0.0,5.0,5.0,0.0
60.23668,2.02,43.0,68.0,37.2,2.0,1.0,1.0,1.0,1.0
206.43183,2.95,52.0,94.0,88.0,3.0,1.0,1.0,1.0,1.0
404.10064,1.42,66.0,165.0,78.0,1.0,0.0,1.0,1.0,1.0
38.2602,2.43,25.0,26.0,78.0,2.0,0.0,1.0,1.0,1.0
215.01675,4.36,45.0,101.0,57.0,2.0,0.0,1.0,1.0,1.0
3456.1926,4.28,55.0,80.0,78.0,2.0,1.0,1.0,1.0,0.0
51.50734,2.31,45.0,5889.0,78.0,2.0,0.0,1.0,1.0,1.0
177.82663,2.9,45.0,51.0,39.0,1.0,1.0,1.0,1.0,0.0
158.26072,4.26,57.0,71.0,64.0,1.0,0.0,1.0,1.0,1.0
125.94835,3.15,59.0,102.0,142.4,2.0,1.0,2.0,1.0,1.0
120.0042,2.73,15.0,108.0,76.0,2.0,0.0,1.0,1.0,1.0
437.785,3.25,24.0,139.0,78.0,1.0,1.0,3.0,2.0,0.0
140.10877,3.06,29.0,66.0,78.0,2.0,1.0,1.0,1.0,1.0
66.69446,2.73,43.0,83.0,45.6,2.0,1.0,1.0,2.0,1.0
231.8549,2.54,70.0,71.0,78.0,1.0,0.0,1.0,1.0,1.0
80.99881,2.81,12.0,31.0,78.0,1.0,1.0,1.0,1.0,1.0
93.19452,2.39,42.0,113.0,78.0,2.0,0.0,1.0,2.0,0.0
170.18799,1.54,24.0,98.0,147.2,3.0,1.0,1.0,2.0,0.0
178.2931,1.29,19.0,122.0,164.8,2.0,0.0,1.0,1.0,0.0
102.57766,2.95,45.0,28.0,78.0,3.0,0.0,1.0,1.0,1.0
261.3923,2.71,51.0,145.0,220.8,3.0,1.0,3.0,2.0,1.0
322.41243,3.52,45.0,131.0,180.8,1.0,1.0,2.0,1.0,0.0
140.81174,1.75,45.0,120.0,67.2,2.0,0.0,1.0,1.0,1.0
164.74893,2.46,32.0,96.0,91.0,3.0,1.0,1.0,1.0,0.0
97.84387,2.51,14.0,49.0,78.0,2.0,1.0,1.0,1.0,0.0
81.19021,1.96,45.0,36.0,30.0,2.0,0.0,1.0,1.0,1.0
305.9297,4.14,41.0,60.0,78.0,1.0,0.0,1.0,1.0,1.0
85.74889,1.02,27.0,95.0,78.0,2.0,1.0,1.0,2.0,0.0
90.83978,3.05,64.0,119.0,112.0,2.0,1.0,2.0,1.0,0.0
128.85314,2.02,52.0,126.0,72.0,2.0,1.0,1.0,3.0,1.0
137.04618,2.77,38.0,104.0,78.0,2.0,0.0,2.0,2.0,0.0
196.7862,1.74,43.0,150.0,78.0,2.0,0.0,1.0,5.0,1.0
95.0582,3.25,55.0,46.0,78.0,2.0,1.0,1.0,1.0,1.0
154.4858,1.65,51.0,30.0,78.0,3.0,0.0,1.0,1.0,1.0
175.81998,3.2,65.0,48.0,78.0,3.0,1.0,1.0,1.0,1.0
355.11076,2.12,44.0,72.0,84.8,1.0,0.0,1.0,1.0,1.0
297.08753,2.35,43.0,149.0,85.8,3.0,0.0,2.0,4.0,1.0
261.60197,3.22,62.0,78.0,80.0,1.0,1.0,1.0,1.0,0.0
200.70364,2.51,56.0,98.0,78.0,3.0,1.0,1.0,1.0,0.0
428.08389,3.79,45.0,150.0,88.2,1.0,1.0,5.0,1.0,1.0
391.18856,1.7,45.0,647.0,61.8,1.0,1.0,2.0,3.0,1.0
76.49827,3.03,49.0,47.0,41.0,2.0,0.0,1.0,1.0,1.0
184.37198,3.1,28.0,145.0,139.0,2.0,0.0,1.0,1.0,1.0
167.04942,2.99,45.0,93.0,78.0,3.0,0.0,1.0,1.0,1.0
55.39365,1.59,23.0,74.0,78.0,2.0,0.0,1.0,1.0,1.0
155.70577,4.24,52.0,55.0,78.0,3.0,0.0,1.0,1.0,1.0
106.32176,2.57,32.0,37.0,78.0,2.0,0.0,1.0,1.0,1.0
294.29462,2.01,57.0,119.0,67.8,1.0,0.0,2.0,3.0,1.0
106.3152,1.9,66.0,134.0,78.0,2.0,0.0,3.0,1.0,1.0
319.4221,1.54,17.0,125.0,78.0,3.0,0.0,1.0,2.0,1.0
189.03683,1.33,46.0,93.0,78.0,3.0,1.0,2.0,1.0,1.0
251.00054,1.67,12.0,134.0,78.0,2.0,1.0,4.0,2.0,1.0
468.50897,4.73,45.0,163.0,78.0,2.0,0.0,1.0,2.0,1.0
69.89245,3.37,41.0,47.0,24.0,3.0,0.0,1.0,1.0,1.0
254.46161,4.54,17.0,90.0,116.8,1.0,0.0,1.0,2.0,1.0
90.51519,1.87,36.0,93.0,47.4,2.0,1.0,1.0,2.0,1.0
141.13943,1.72,45.0,85.0,78.0,3.0,0.0,1.0,1.0,1.0
219.77459,2.06,45.0,75.0,40.8,1.0,0.0,1.0,1.0,0.0
74.8947,4.32,45.0,43.0,38.4,2.0,0.0,1.0,1.0,0.0
96.33517,2.11,33.0,68.0,78.0,2.0,0.0,2.0,1.0,1.0
210.21342,2.4,46.0,92.0,78.0,3.0,0.0,1.0,1.0,0.0
135.85347,2.25,14.0,70.0,78.0,3.0,0.0,1.0,2.0,1.0
98.95543,2.06,34.0,67.0,78.0,2.0,1.0,1.0,1.0,1.0
216.57231,3.34,42.0,117.0,5629.0,3.0,1.0,1.0,1.0,0.0
67.16359,2.81,28.0,63.0,49.0,2.0,0.0,1.0,1.0,1.0
128.40403,3.67,27.0,80.0,44.4,2.0,0.0,2.0,2.0,1.0
441.05025,2.41,45.0,143.0,219.2,1.0,1.0,4.0,4.0,1.0
289.9213,2.88,58.0,125.0,72.0,1.0,0.0,1.0,1.0,1.0
254.86948,1.21,63.0,54.0,78.0,1.0,0.0,1.0,1.0,1.0
57.89463,2.94,71.0,52.0,78.0,2.0,0.0,1.0,1.0,1.0
129.93928,2.96,45.0,104.0,50.4,2.0,1.0,1.0,1.0,1.0
39.72991,3.31,51.0,40.0,19.2,2.0,1.0,1.0,1.0,1.0
176.87952,1.73,41.0,132.0,78.0,3.0,0.0,3.0,3.0,1.0
359.49444,2.94,31.0,149.0,208.0,1.0,1.0,1.0,1.0,0.0
215.79207,2.64,70.0,148.0,217.6,2.0,0.0,2.0,2.0,1.0
206.15128,2.84,41.0,120.0,78.0,3.0,1.0,2.0,1.0,1.0
77.91556,1.54,20.0,44.0,78.0,2.0,1.0,1.0,1.0,0.0
90.13752,1.37,44.0,31.0,78.0,3.0,1.0,1.0,1.0,1.0
432.81053,2.03,50.0,104.0,158.4,1.0,0.0,1.0,1.0,1.0
189.27129,2.85,67.0,82.0,78.0,3.0,1.0,1.0,2.0,0.0
201.11313,2.97,71.0,101.0,78.0,3.0,0.0,1.0,1.0,0.0
278.35973,2.22,36.0,155.0,200.0,3.0,0.0,1.0,1.0,1.0
222.06624,3.28,33.0,121.0,171.2,2.0,0.0,1.0,1.0,1.0
36.12811,3.21,43.0,29.0,38.4,2.0,0.0,1.0,1.0,1.0
357.57389,2.93,26.0,113.0,57.6,1.0,1.0,1.0,1.0,1.0
118.74909,1.57,47.0,6659.0,95.0,2.0,1.0,1.0,1.0,0.0
87.99958,2.5,60.0,42.0,78.0,2.0,1.0,1.0,1.0,1.0
289.90447,3.35,51.0,147.0,84.0,2.0,0.0,1.0,3.0,1.0
346.10199,4.67,17.0,111.0,63.0,2.0,0.0,1.0,2.0,1.0
365.55414,4.69,27.0,157.0,78.0,3.0,1.0,2.0,3.0,1.0
132.40868,1.89,45.0,81.0,45.6,1.0,1.0,1.0,1.0,0.0
336.75564,1.33,32.0,99.0,78.0,3.0,0.0,2.0,1.0,1.0
141.0717,1.86,65.0,146.0,78.0,2.0,1.0,1.0,2.0,1.0
242.08507,2.23,61.0,103.0,78.0,2.0,0.0,1.0,1.0,1.0
198.68932,2.88,43.0,135.0,77.4,1.0,1.0,1.0,2.0,0.0
438.60932,2.2,30.0,124.0,78.0,1.0,1.0,2.0,1.0,1.0
102.80152,4.36,53.0,67.0,61.0,2.0,1.0,1.0,1.0,1.0
115.92925,1.58,31.0,68.0,78.0,2.0,1.0,1.0,1.0,0.0
71.01309,3.47,46.0,99.0,78.0,2.0,0.0,1.0,1.0,0.0
150.10216,1.54,52.0,107.0,163.2,2.0,1.0,1.0,1.0,0.0
392.38495,2.84,35.0,90.0,132.8,1.0,0.0,2.0,1.0,1.0
327.22401,4.31,46.0,87.0,33.0,2.0,1.0,1.0,1.0,1.0
184.01566,3.53,44.0,104.0,155.2,2.0,0.0,1.0,2.0,1.0
174.59349,2.78,25.0,66.0,52.0,3.0,0.0,1.0,1.0,1.0
402.41247,2.49,43.0,152.0,219.2,1.0,0.0,5.0,1.0,0.0
3064.181,2.88,37.0,84.0,104.0,3.0,0.0,2.0,1.0,0.0
485.24458,1.6,13.0,140.0,78.0,1.0,0.0,4.0,4.0,1.0
157.51327,1.91,43.0,71.0,78.0,1.0,1.0,1.0,1.0,0.0
294.51367,4.73,45.0,130.0,78.0,3.0,1.0,1.0,1.0,1.0
60.49951,2.44,39.0,67.0,78.0,2.0,1.0,1.0,2.0,0.0
184.92843,2.56,10.0,134.0,78.0,2.0,0.0,1.0,1.0,1.0
251.81969,2.28,67.0,84.0,32.4,3.0,0.0,1.0,1.0,1.0
193.494,3.96,64.0,121.0,69.0,2.0,0.0,1.0,3.0,1.0
316.9648,1.56,65.0,151.0,211.2,3.0,0.0,1.0,1.0,1.0
160.54858,1.2,57.0,36.0,78.0,3.0,0.0,1.0,1.0,1.0
307.66075,1.66,25.0,46.0,52.8,2.0,0.0,1.0,1.0,1.0
234.95163,2.3,52.0,112.0,168.0,1.0,1.0,2.0,2.0,0.0
54.68688,3.3,31.0,27.0,12.6,3.0,1.0,1.0,1.0,1.0
147.36668,1.53,45.0,58.0,51.0,3.0,1.0,1.0,1.0,1.0
128.38954,3.47,41.0,74.0,78.0,2.0,1.0,1.0,1.0,1.0
152.69114,2.82,20.0,101.0,78.0,3.0,0.0,1.0,1.0,0.0
169.56636,1.74,26.0,83.0,78.0,1.0,0.0,1.0,2.0,0.0
125.01933,3.29,39.0,43.0,78.0,1.0,1.0,1.0,1.0,0.0
53.1958,3.29,64.0,53.0,78.0,3.0,0.0,1.0,1.0,0.0
116.1301,1.89,63.0,36.0,28.0,2.0,1.0,1.0,1.0,1.0
140.22898,2.89,56.0,150.0,72.0,2.0,1.0,1.0,1.0,1.0
371.95595,2.29,14.0,94.0,78.0,1.0,1.0,1.0,2.0,1.0
199.58647,4.9,45.0,79.0,78.0,1.0,0.0,2.0,2.0,0.0
146.00907,2.33,32.0,116.0,78.0,2.0,0.0,1.0,1.0,1.0
162.9264,2.02,45.0,32.0,78.0,1.0,0.0,1.0,1.0,1.0
305.86283,2.2,45.0,160.0,148.0,3.0,1.0,5.0,1.0,0.0
68.37273,2.67,66.0,71.0,78.0,2.0,1.0,2.0,2.0,1.0
127.71217,3.16,45.0,41.0,29.0,3.0,0.0,1.0,1.0,1.0
93.01801,2.31,25.0,85.0,78.0,2.0,1.0,1.0,1.0,0.0
292.37802,3.36,45.0,176.0,235.2,3.0,0.0,1.0,1.0,1.0
225.47934,2.86,56.0,31.0,78.0,1.0,1.0,1.0,1.0,0.0
137.21808,2.73,70.0,37.0,18.6,3.0,1.0,1.0,1.0,0.0
193.37909,2.63,34.0,133.0,78.0,2.0,1.0,1.0,1.0,1.0
129.65361,1.82,48.0,77.0,96.0,3.0,0.0,2.0,2.0,0.0
51.55194,2.16,25.0,61.0,78.0,2.0,1.0,1.0,1.0,0.0
397.33638,2.72,44.0,104.0,142.4,2.0,1.0,1.0,1.0,1.0
250.08549,3.45,49.0,140.0,78.0,3.0,0.0,1.0,2.0,1.0
319.19087,1.38,56.0,120.0,78.0,1.0,0.0,1.0,1.0,0.0
252.92383,1.36,45.0,87.0,69.0,2.0,1.0,1.0,1.0,1.0
167.3017,3.26,60.0,88.0,48.6,1.0,0.0,2.0,2.0,1.0
332.83315,3.31,57.0,145.0,78.0,1.0,1.0,1.0,1.0,1.0
373.57315,2.99,50.0,117.0,179.2,1.0,0.0,1.0,3.0,1.0
220.73056,1.91,45.0,97.0,46.8,1.0,0.0,1.0,2.0,0.0
151.75748,3.73,37.0,104.0,153.0,1.0,0.0,2.0,1.0,0.0
106.80933,1.64,45.0,73.0,67.0,3.0,0.0,1.0,1.0,1.0
238.88205,3.1,10.0,152.0,146.0,1.0,0.0,2.0,1.0,0.0
326.62529,3.55,32.0,130.0,200.0,1.0,0.0,3.0,3.0,1.0
120.47162,3.44,58.0,104.0,78.0,2.0,0.0,2.0,1.0,1.0
74.88215,3.04,47.0,64.0,78.0,2.0,0.0,1.0,1.0,1.0
168.77339,3.46,45.0,100.0,52.2,3.0,0.0,1.0,1.0,1.0
206.3131,1.98,45.0,74.0,110.4,1.0,0.0,1.0,1.0,0.0
188.96531,3.9,20.0,68.0,31.8,2.0,0.0,1.0,1.0,0.0
124.86128,4.62,29.0,123.0,57.0,2.0,0.0,1.0,1.0,1.0
261.31109,3.14,47.0,126.0,66.6,3.0,0.0,1.0,3.0,1.0
179.11177,2.15,45.0,93.0,52.8,1.0,1.0,1.0,1.0,1.0
159.97369,2.64,45.0,129.0,115.0,3.0,0.0,3.0,2.0,0.0
162.81268,2.2,57.0,164.0,78.0,2.0,1.0,1.0,1.0,0.0
242.03227,4.65,43.0,94.0,129.6,3.0,0.0,2.0,1.0,1.0
200.12144,2.05,31.0,121.0,182.4,2.0,1.0,3.0,1.0,1.0
80.30705,3.7,1.0,104.0,78.0,2.0,0.0,2.0,1.0,1.0
138.92372,1.78,18.0,134.0,78.0,2.0,0.0,1.0,2.0,0.0
220.30766,1.82,59.0,102.0,78.0,2.0,0.0,2.0,1.0,1.0
209.81355,1.66,64.0,151.0,78.0,2.0,0.0,1.0,4.0,1.0
184.69573,3.37,23.0,149.0,78.0,2.0,1.0,1.0,2.0,1.0
277.03846,2.69,52.0,163.0,78.0,3.0,1.0,2.0,1.0,1.0
236.3225,2.38,45.0,126.0,78.0,3.0,0.0,1.0,1.0,1.0
46.85627,2.06,54.0,35.0,16.8,3.0,0.0,1.0,1.0,0.0
296.7257,3.25,44.0,120.0,78.0,3.0,1.0,1.0,1.0,1.0
528.42211,1.44,64.0,8608.0,187.2,1.0,1.0,1.0,3.0,1.0
379.65724,1.5,60.0,84.0,78.0,1.0,1.0,1.0,1.0,1.0
177.93333,2.43,52.0,37.0,51.2,1.0,1.0,1.0,1.0,0.0
52.92772,2.96,40.0,28.0,24.0,2.0,0.0,1.0,1.0,1.0
212.07088,2.51,42.0,70.0,78.0,3.0,0.0,2.0,1.0,1.0
60.36603,3.82,52.0,81.0,45.0,2.0,0.0,1.0,1.0,1.0
178.02702,4.01,41.0,71.0,78.0,3.0,0.0,1.0,1.0,0.0
144.86344,1.99,45.0,77.0,78.0,2.0,1.0,1.0,1.0,1.0
166.95748,3.12,68.0,44.0,22.8,3.0,1.0,1.0,1.0,1.0
156.0304,1.62,45.0,148.0,78.0,3.0,0.0,4.0,1.0,1.0
181.26479,2.59,45.0,51.0,38.0,3.0,1.0,1.0,1.0,1.0
177.00025,2.38,45.0,139.0,78.0,2.0,1.0,2.0,2.0,0.0
151.19209,1.76,45.0,44.0,78.0,3.0,0.0,1.0,1.0,0.0
226.05531,2.93,59.0,95.0,78.0,1.0,0.0,1.0,2.0,1.0
196.0116,1.12,45.0,104.0,78.0,3.0,1.0,1.0,1.0,0.0
383.64616,2.88,45.0,151.0,78.0,1.0,0.0,1.0,1.0,1.0
125.2816,1.69,38.0,81.0,118.4,2.0,1.0,1.0,2.0,1.0
181.65009,3.3,36.0,127.0,64.8,2.0,1.0,1.0,3.0,1.0
274.2626,1.18,32.0,117.0,66.6,3.0,1.0,2.0,3.0,1.0
231.13587,3.59,55.0,43.0,78.0,1.0,0.0,1.0,1.0,0.0
154.86189,2.94,60.0,151.0,86.4,2.0,0.0,2.0,5.0,1.0
163.41496,1.67,71.0,130.0,78.0,2.0,0.0,1.0,2.0,0.0
293.60374,2.59,48.0,120.0,67.8,1.0,1.0,2.0,3.0,0.0
193.58434,1.61,14.0,99.0,55.8,1.0,1.0,2.0,1.0,1.0
113.77768,1.62,54.0,65.0,78.0,2.0,1.0,1.0,1.0,0.0
176.2335,2.4,69.0,72.0,78.0,3.0,1.0,1.0,1.0,0.0
191.94354,1.87,50.0,6659.0,78.0,3.0,1.0,1.0,3.0,1.0
316.36422,2.44,44.0,84.0,66.0,1.0,1.0,1.0,2.0,1.0
81.73613,1.14,60.0,35.0,29.0,2.0,1.0,1.0,1.0,0.0
61.16691,3.96,45.0,41.0,21.0,2.0,0.0,1.0,1.0,1.0
281.07825,2.38,49.0,133.0,190.4,2.0,0.0,1.0,1.0,1.0
180.89184,2.96,22.0,167.0,88.8,2.0,0.0,3.0,2.0,0.0
112.5077,1.04,39.0,71.0,78.0,3.0,0.0,1.0,1.0,1.0
103.9781,1.89,47.0,45.0,78.0,2.0,0.0,1.0,1.0,1.0
193.2984,2.96,15.0,104.0,78.0,3.0,1.0,1.0,1.0,1.0
100.7381,2.52,63.0,37.0,78.0,2.0,0.0,1.0,1.0,1.0
119.76785,3.34,35.0,74.0,40.2,2.0,0.0,1.0,1.0,1.0
230.39902,2.0,60.0,73.0,78.0,1.0,1.0,1.0,1.0,0.0
274.64719,1.51,55.0,78.0,116.8,3.0,1.0,1.0,1.0,1.0
154.47082,2.84,44.0,46.0,43.2,3.0,0.0,1.0,1.0,1.0
388.03815,2.76,45.0,151.0,78.0,2.0,0.0,3.0,1.0,1.0
159.24677,2.27,40.0,48.0,62.4,3.0,0.0,1.0,1.0,1.0
196.95277,3.0,38.0,123.0,78.0,2.0,0.0,3.0,3.0,1.0
238.0323,3.4,56.0,82.0,104.0,2.0,0.0,1.0,1.0,1.0
136.55235,2.25,66.0,151.0,87.6,2.0,0.0,3.0,1.0,1.0
194.68713,2.16,50.0,129.0,429.0,3.0,0.0,2.0,1.0,1.0
153.63407,3.02,30.0,61.0,78.0,1.0,0.0,1.0,1.0,0.0
198.01419,1.78,65.0,41.0,78.0,3.0,1.0,1.0,1.0,1.0
304.88763,3.49,63.0,165.0,78.0,1.0,1.0,1.0,4.0,0.0
228.90124,3.02,45.0,56.0,60.8,2.0,0.0,1.0,1.0,1.0
125.78229,2.01,45.0,109.0,101.0,3.0,0.0,1.0,2.0,0.0
185.80271,3.36,55.0,154.0,78.0,2.0,1.0,1.0,1.0,1.0
240.27178,1.05,38.0,162.0,148.0,2.0,0.0,1.0,1.0,1.0
309.78986,1.6,94.0,98.0,78.0,1.0,1.0,2.0,1.0,1.0
275.2972,2.23,54.0,62.0,51.2,2.0,0.0,1.0,1.0,0.0
297.86634,2.26,66.0,149.0,78.0,3.0,0.0,2.0,2.0,1.0
147.46079,2.45,31.0,122.0,185.6,2.0,1.0,2.0,2.0,0.0
138.04173,1.42,37.0,107.0,60.6,2.0,0.0,1.0,2.0,1.0
156.40398,3.38,26.0,154.0,78.0,2.0,1.0,1.0,1.0,1.0
214.61653,3.2,45.0,63.0,78.0,1.0,0.0,1.0,1.0,0.0
78.759,1.51,38.0,64.0,78.0,2.0,1.0,1.0,1.0,1.0
2506.0022,2.66,62.0,118.0,111.0,2.0,0.0,1.0,1.0,1.0
53.70713,3.08,33.0,69.0,37.8,2.0,0.0,2.0,2.0,0.0
185.62137,4.2,51.0,109.0,166.4,2.0,0.0,2.0,2.0,1.0
321.12665,1.89,36.0,149.0,78.0,1.0,1.0,1.0,1.0,1.0
306.37479,3.72,3.0,88.0,49.2,1.0,0.0,1.0,2.0,1.0
304.65542,2.06,53.0,118.0,78.0,2.0,0.0,3.0,1.0,0.0
81.13964,1.17,61.0,89.0,77.0,2.0,0.0,1.0,2.0,1.0
313.02651,1.47,9.0,159.0,78.0,1.0,0.0,4.0,1.0,1.0
192.67956,4.43,48.0,148.0,85.2,1.0,0.0,1.0,2.0,0.0
123.31358,1.93,41.0,91.0,137.6,2.0,0.0,1.0,1.0,1.0
320.38903,2.34,28.0,150.0,78.0,2.0,1.0,3.0,4.0,1.0
121.72138,1.34,44.0,54.0,48.0,1.0,0.0,1.0,1.0,1.0
210.78195,2.53,11.0,115.0,78.0,2.0,0.0,2.0,1.0,1.0
166.94842,2.22,54.0,127.0,195.2,2.0,1.0,1.0,1.0,1.0
172.8451,3.77,45.0,99.0,55.8,1.0,1.0,1.0,1.0,1.0
287.79891,1.49,25.0,130.0,200.0,3.0,0.0,2.0,1.0,1.0
136.13616,2.74,50.0,68.0,36.6,3.0,1.0,1.0,1.0,0.0
81.14139,1.87,45.0,62.0,33.6,2.0,1.0,1.0,1.0,1.0
160.87974,2.3,53.0,63.0,78.0,3.0,0.0,1.0,1.0,1.0
226.27788,4.18,40.0,126.0,78.0,3.0,0.0,2.0,2.0,1.0
231.52059,2.55,33.0,113.0,106.0,3.0,1.0,1.0,2.0,1.0
155.31068,2.69,54.0,85.0,78.0,3.0,0.0,1.0,1.0,0.0
253.79374,1.2,46.0,107.0,158.4,3.0,0.0,2.0,2.0,1.0
103.92186,3.6,65.0,140.0,80.4,2.0,0.0,1.0,1.0,1.0
324.35022,1.15,20.0,113.0,106.0,1.0,0.0,2.0,3.0,0.0
344.9747,2.4,45.0,64.0,78.0,1.0,0.0,1.0,1.0,1.0
364.13997,3.49,43.0,135.0,78.0,2.0,0.0,1.0,2.0,1.0
174.42182,1.61,62.0,62.0,57.0,3.0,0.0,1.0,1.0,0.0
177.4272,4.97,36.0,8421.0,78.0,2.0,1.0,1.0,1.0,1.0
308.50126,2.13,25.0,114.0,107.0,1.0,1.0,1.0,1.0,0.0
269.543,3.44,34.0,94.0,89.0,1.0,1.0,1.0,1.0,1.0
31.43738,3.26,32.0,36.0,78.0,2.0,1.0,1.0,1.0,0.0
120.21745,2.44,42.0,64.0,27.6,3.0,0.0,1.0,1.0,1.0
163.30864,2.92,62.0,85.0,86.4,2.0,1.0,1.0,1.0,1.0
220.70301,1.47,45.0,131.0,78.0,3.0,1.0,2.0,2.0,1.0
81.01431,2.51,55.0,66.0,36.6,2.0,0.0,1.0,1.0,1.0
300.86274,2.54,39.0,133.0,78.0,3.0,0.0,2.0,1.0,1.0
315.37693,2.72,41.0,61.0,86.4,1.0,0.0,1.0,1.0,1.0
249.5552,3.15,62.0,100.0,78.0,3.0,0.0,2.0,2.0,1.0
64.97834,3.31,45.0,95.0,78.0,2.0,0.0,1.0,2.0,1.0
69.84895,4.38,46.0,30.0,78.0,2.0,0.0,1.0,1.0,1.0
352.69343,2.83,46.0,154.0,124.0,3.0,0.0,1.0,2.0,1.0
274.71452,1.97,36.0,95.0,78.0,2.0,0.0,2.0,1.0,1.0
301.07468,1.7,54.0,7003.0,211.2,3.0,0.0,1.0,1.0,1.0
302.3701,2.62,68.0,40.0,35.2,1.0,1.0,1.0,1.0,1.0
205.05907,2.06,0.0,76.0,59.0,1.0,0.0,1.0,1.0,1.0
313.64935,4.04,54.0,664.0,78.0,2.0,0.0,1.0,2.0,1.0
156.49673,1.62,39.0,97.0,92.0,2.0,1.0,1.0,1.0,1.0
198.58693,2.75,4.0,119.0,67.8,1.0,0.0,1.0,1.0,1.0
322.2097,3.42,54.0,53.0,14.4,1.0,1.0,1.0,1.0,1.0
163.92609,3.49,49.0,38.0,78.0,1.0,1.0,1.0,1.0,1.0
150.93113,2.6,56.0,138.0,78.0,2.0,0.0,4.0,2.0,1.0
102.00695,1.96,22.0,69.0,78.0,2.0,0.0,1.0,1.0,1.0
314.66011,2.75,45.0,149.0,78.0,3.0,1.0,1.0,1.0,1.0
436.02942,3.18,54.0,149.0,225.6,1.0,0.0,5.0,1.0,1.0
117.23167,1.43,45.0,55.0,51.0,2.0,0.0,1.0,1.0,1.0
164.95859,1.38,45.0,138.0,78.0,2.0,1.0,5.0,1.0,1.0
262.51785,2.51,63.0,100.0,110.4,1.0,0.0,1.0,1.0,1.0
125.53585,3.23,66.0,149.0,79.2,2.0,0.0,5.0,3.0,0.0
113.45225,2.33,45.0,141.0,80.4,2.0,1.0,2.0,5.0,0.0
125.40229,1.65,9.0,90.0,78.0,2.0,0.0,2.0,2.0,1.0
255.58817,3.67,45.0,121.0,166.4,1.0,1.0,1.0,2.0,0.0
298.814,2.32,43.0,104.0,78.0,1.0,0.0,1.0,1.0,1.0
92.02763,3.31,57.0,37.0,78.0,3.0,0.0,1.0,1.0,1.0
197.56165,2.18,67.0,161.0,236.8,2.0,1.0,1.0,1.0,1.0
357.31737,3.26,35.0,151.0,139.0,1.0,0.0,5.0,3.0,1.0
310.68581,2.62,55.0,154.0,78.0,1.0,1.0,1.0,2.0,0.0
138.71236,2.96,67.0,62.0,33.0,3.0,1.0,1.0,1.0,1.0
438.77479,1.98,51.0,110.0,78.0,1.0,0.0,2.0,2.0,1.0
321.40182,3.07,59.0,125.0,78.0,1.0,1.0,1.0,1.0,1.0
106.63107,3.23,20.0,114.0,78.0,2.0,0.0,2.0,3.0,0.0
172.89109,2.77,26.0,158.0,78.0,2.0,0.0,1.0,1.0,1.0
260.3479,1.37,27.0,733.0,78.0,1.0,1.0,1.0,1.0,1.0
256.6199,2.25,56.0,144.0,78.0,3.0,0.0,1.0,1.0,1.0
236.34511,3.4,45.0,93.0,86.0,1.0,0.0,1.0,1.0,1.0
304.12634,1.39,55.0,130.0,78.0,2.0,1.0,3.0,1.0,1.0
181.47853,3.3,46.0,129.0,123.0,2.0,0.0,1.0,1.0,1.0
298.99568,2.38,51.0,144.0,78.0,1.0,0.0,1.0,3.0,0.0
232.17781,2.43,71.0,80.0,78.0,1.0,0.0,1.0,1.0,1.0
369.35174,2.39,65.0,117.0,78.0,2.0,1.0,1.0,2.0,1.0
306.56834,1.84,64.0,103.0,78.0,2.0,0.0,1.0,2.0,0.0
205.56615,2.24,71.0,168.0,82.8,2.0,0.0,2.0,1.0,1.0
124.02127,1.61,48.0,81.0,121.6,2.0,1.0,1.0,1.0,1.0
34.24193,2.12,65.0,30.0,78.0,2.0,1.0,1.0,1.0,1.0
147.91502,2.91,9.0,94.0,78.0,3.0,0.0,1.0,1.0,1.0
238.47084,2.0,19.0,54.0,78.0,1.0,1.0,1.0,1.0,1.0
275.49357,1.9,62.0,60.0,78.0,2.0,1.0,1.0,1.0,0.0
99.21635,1.8,14.0,55.0,81.6,2.0,1.0,1.0,1.0,1.0
182.83485,2.87,59.0,87.0,78.0,1.0,0.0,1.0,1.0,0.0
108.57208,4.57,57.0,66.0,36.0,2.0,1.0,2.0,1.0,1.0
283.15881,3.98,53.0,161.0,78.0,1.0,0.0,5.0,1.0,0.0
251.62249,3.21,55.0,102.0,78.0,3.0,0.0,1.0,2.0,1.0
195.15144,3.06,53.0,78.0,78.0,1.0,0.0,1.0,1.0,1.0
239.249,3.0,58.0,46.0,27.0,1.0,0.0,1.0,1.0,0.0
112.60657,3.21,43.0,81.0,78.0,3.0,0.0,1.0,1.0,1.0
83.93666,3.32,50.0,117.0,66.0,2.0,1.0,1.0,3.0,1.0
273.04537,1.78,45.0,114.0,78.0,3.0,1.0,1.0,1.0,1.0
204.64068,3.43,45.0,94.0,78.0,3.0,0.0,1.0,1.0,0.0
261.48013,1.25,61.0,115.0,65.4,3.0,1.0,2.0,2.0,1.0
199.2974,4.43,58.0,127.0,78.0,2.0,0.0,1.0,2.0,1.0
386.099,1.01,35.0,147.0,78.0,1.0,0.0,5.0,5.0,1.0
70.74257,1.8,55.0,72.0,41.0,2.0,0.0,1.0,1.0,0.0
421.08151,2.52,46.0,140.0,195.2,1.0,1.0,2.0,2.0,1.0
185.02238,2.26,70.0,144.0,127.0,3.0,0.0,3.0,2.0,0.0
278.17436,2.28,33.0,169.0,140.0,3.0,0.0,1.0,1.0,1.0
129.26516,3.2,4.0,51.0,78.0,3.0,0.0,1.0,1.0,0.0
229.8035,2.41,38.0,163.0,78.0,2.0,1.0,1.0,2.0,1.0
134.34869,2.91,64.0,94.0,52.8,3.0,0.0,1.0,1.0,0.0
217.89522,2.26,45.0,59.0,83.2,3.0,1.0,1.0,1.0,1.0
254.54426,1.34,70.0,112.0,78.0,3.0,0.0,1.0,2.0,1.0
269.06631,2.16,31.0,43.0,18.0,1.0,1.0,1.0,1.0,1.0
312.75705,2.01,45.0,109.0,155.2,3.0,1.0,2.0,1.0,1.0
351.51918,3.7,31.0,87.0,92.8,2.0,1.0,1.0,1.0,1.0
239.88802,2.51,45.0,135.0,78.0,2.0,0.0,3.0,3.0,1.0
344.53039,2.06,31.0,138.0,78.0,3.0,0.0,1.0,1.0,1.0
48.62686,2.43,19.0,30.0,78.0,2.0,0.0,1.0,1.0,1.0
134.72719,2.87,58.0,115.0,163.2,2.0,0.0,2.0,1.0,1.0
153.21907,1.98,54.0,44.0,15.6,3.0,0.0,1.0,1.0,1.0
273.01928,3.74,47.0,53.0,78.0,1.0,0.0,1.0,1.0,0.0
279.22659,1.65,58.0,53.0,78.0,1.0,0.0,1.0,1.0,1.0
240.66786,1.95,45.0,117.0,51.6,1.0,1.0,1.0,1.0,1.0
119.73483,2.49,53.0,71.0,30.6,2.0,1.0,1.0,1.0,1.0
241.31969,2.66,42.0,128.0,78.0,1.0,0.0,1.0,1.0,0.0
140.86082,1.4,68.0,130.0,73.8,2.0,0.0,1.0,1.0,1.0
119.61962,3.69,17.0,44.0,78.0,3.0,1.0,1.0,1.0,1.0
265.45853,2.23,66.0,109.0,78.0,2.0,1.0,3.0,3.0,0.0
176.45573,1.69,36.0,61.0,43.0,1.0,0.0,1.0,1.0,1.0
211.94804,3.14,69.0,130.0,179.2,2.0,0.0,1.0,3.0,1.0
141.36646,1.59,52.0,155.0,78.0,2.0,0.0,1.0,5.0,1.0
113.84749,4.94,45.0,71.0,78.0,2.0,0.0,1.0,1.0,0.0
205.18032,2.58,33.0,123.0,117.0,3.0,0.0,1.0,1.0,0.0
234.90466,2.61,69.0,26.0,21.0,2.0,1.0,1.0,1.0,1.0
188.65844,2.43,58.0,50.0,78.0,2.0,0.0,1.0,1.0,1.0
205.66026,1.06,23.0,128.0,78.0,2.0,0.0,3.0,2.0,1.0
189.32537,2.82,68.0,108.0,78.0,2.0,0.0,1.0,1.0,1.0
94.79831,1.55,34.0,63.0,89.6,2.0,1.0,1.0,1.0,0.0
192.86668,2.79,22.0,68.0,78.0,3.0,0.0,1.0,1.0,1.0
228.47969,1.71,31.0,74.0,67.0,3.0,1.0,1.0,1.0,1.0
343.55746,4.73,36.0,112.0,78.0,1.0,0.0,1.0,3.0,0.0
212.70892,3.51,60.0,155.0,78.0,3.0,0.0,1.0,1.0,1.0
162.44479,3.05,35.0,118.0,166.4,2.0,1.0,3.0,3.0,1.0
479.65941,1.25,45.0,125.0,171.2,1.0,0.0,1.0,2.0,1.0
184.34639,2.09,52.0,101.0,71.0,3.0,0.0,2.0,1.0,1.0
281.88428,4.18,38.0,152.0,87.0,1.0,0.0,4.0,5.0,1.0
208.14683,4.6,33.0,59.0,78.0,1.0,0.0,1.0,1.0,0.0
157.96696,1.61,54.0,71.0,78.0,3.0,1.0,1.0,1.0,0.0
407.1443,3.39,10.0,155.0,217.6,3.0,0.0,1.0,3.0,1.0
249.23883,2.44,6.0,114.0,65.4,2.0,0.0,3.0,3.0,1.0
398.00244,2.45,32.0,154.0,78.0,2.0,1.0,3.0,1.0,1.0
127.21809,1.83,61.0,64.0,45.0,3.0,1.0,1.0,1.0,1.0
155.81411,2.41,53.0,63.0,50.0,3.0,0.0,1.0,1.0,1.0
345.07634,2.24,50.0,133.0,78.0,2.0,1.0,3.0,1.0,1.0
112.87251,4.3,45.0,127.0,78.0,2.0,0.0,2.0,1.0,1.0
103.70569,3.38,8.0,120.0,64.2,2.0,1.0,1.0,1.0,0.0
299.83383,4.32,43.0,129.0,78.0,3.0,0.0,1.0,2.0,1.0
138.80494,3.38,13.0,112.0,5833.0,2.0,1.0,1.0,3.0,0.0
438.30218,2.61,67.0,112.0,169.6,2.0,0.0,1.0,2.0,1.0
305.19865,2.74,49.0,75.0,112.0,2.0,0.0,1.0,2.0,0.0
248.73593,1.48,49.0,146.0,203.2,2.0,0.0,1.0,3.0,1.0
270.83225,2.54,57.0,56.0,59.2,1.0,1.0,1.0,1.0,0.0
243.21791,4.91,57.0,80.0,78.0,2.0,0.0,1.0,2.0,1.0
98.25825,1.75,56.0,30.0,38.4,1.0,1.0,1.0,1.0,1.0
198.86066,3.16,57.0,115.0,78.0,2.0,0.0,1.0,3.0,1.0
156.45879,1.62,37.0,101.0,95.0,2.0,0.0,2.0,2.0,1.0
287.8237,2.19,23.0,128.0,121.0,3.0,0.0,1.0,2.0,1.0
89.2513,1.51,56.0,84.0,78.0,3.0,0.0,1.0,1.0,0.0
61.92446,3.04,45.0,36.0,36.8,2.0,0.0,1.0,1.0,0.0
110.94256,2.66,70.0,101.0,78.0,2.0,0.0,1.0,2.0,1.0
74.33539,2.65,45.0,27.0,78.0,2.0,1.0,1.0,1.0,1.0
148.41582,2.89,60.0,140.0,76.8,2.0,1.0,2.0,1.0,0.0
204.15507,2.46,43.0,146.0,140.0,2.0,1.0,1.0,3.0,1.0
387.25592,4.89,58.0,129.0,78.0,2.0,1.0,2.0,1.0,1.0
262.25759,3.3,38.0,126.0,120.0,3.0,0.0,1.0,1.0,1.0
224.47509,3.12,53.0,70.0,38.4,1.0,0.0,1.0,2.0,0.0
215.52602,1.36,45.0,122.0,78.0,2.0,0.0,1.0,2.0,0.0
5041.2354,3.62,65.0,142.0,78.0,3.0,1.0,1.0,1.0,1.0
184.88418,3.65,45.0,93.0,120.0,1.0,0.0,1.0,1.0,0.0
207.61833,2.04,35.0,114.0,152.0,2.0,1.0,2.0,1.0,1.0
176.95716,3.54,35.0,123.0,78.0,2.0,1.0,2.0,2.0,1.0
362.60975,2.44,48.0,79.0,8292.0,2.0,0.0,1.0,2.0,1.0
119.37698,3.94,61.0,79.0,45.0,1.0,0.0,1.0,1.0,1.0
388.23637,2.87,45.0,130.0,78.0,1.0,0.0,1.0,3.0,1.0
143.14671,2.56,69.0,68.0,50.0,2.0,1.0,1.0,1.0,1.0
54.14585,3.02,39.0,52.0,27.6,2.0,1.0,1.0,1.0,1.0
126.37749,1.63,45.0,79.0,39.6,2.0,0.0,1.0,1.0,1.0
182.69432,2.65,69.0,80.0,78.0,3.0,1.0,1.0,1.0,0.0
195.30491,1.3,28.0,66.0,78.0,1.0,1.0,2.0,2.0,0.0
270.64079,1.19,61.0,92.0,78.0,1.0,0.0,2.0,1.0,0.0
356.032,4.7,47.0,62.0,73.6,1.0,0.0,1.0,1.0,1.0
152.99477,4.02,71.0,120.0,111.0,2.0,0.0,1.0,3.0,1.0
159.37873,3.14,40.0,123.0,78.0,2.0,0.0,1.0,3.0,1.0
100.78649,4.25,56.0,63.0,78.0,3.0,0.0,1.0,1.0,0.0
235.793,3.31,62.0,83.0,78.0,1.0,0.0,2.0,1.0,1.0
184.94654,4.63,0.0,96.0,78.0,2.0,1.0,2.0,2.0,1.0
379.59629,1.2,13.0,106.0,60.6,1.0,1.0,1.0,1.0,1.0
6050.5916,2.04,53.0,82.0,75.0,2.0,0.0,1.0,1.0,1.0
180.89956,2.96,46.0,43.0,78.0,1.0,0.0,1.0,1.0,0.0
304.82575,3.61,68.0,145.0,220.8,3.0,0.0,1.0,1.0,1.0
192.62001,1.53,55.0,114.0,78.0,3.0,0.0,1.0,2.0,0.0
85.17434,2.14,25.0,88.0,82.0,2.0,0.0,1.0,2.0,1.0
112.07211,2.66,57.0,73.0,78.0,2.0,1.0,2.0,2.0,0.0
280.15361,4.52,37.0,95.0,142.4,2.0,0.0,1.0,2.0,0.0
289.75282,1.88,44.0,67.0,36.0,2.0,1.0,1.0,1.0,1.0
135.53767,2.79,41.0,85.0,113.6,2.0,0.0,1.0,1.0,1.0
129.49421,2.14,57.0,99.0,78.0,2.0,1.0,2.0,2.0,1.0
214.66588,1.78,22.0,59.0,52.0,2.0,1.0,1.0,1.0,1.0
224.73779,2.85,28.0,140.0,81.0,1.0,1.0,1.0,2.0,1.0
197.932,1.89,7.0,55.0,78.4,3.0,1.0,1.0,1.0,1.0
178.29389,2.24,45.0,101.0,78.0,3.0,0.0,1.0,1.0,1.0
217.6485,2.71,29.0,126.0,78.0,3.0,0.0,1.0,1.0,1.0
107.22524,1.74,33.0,36.0,78.0,1.0,0.0,1.0,1.0,1.0
59.36197,1.93,25.0,29.0,78.0,3.0,0.0,1.0,1.0,1.0
315.61711,1.32,38.0,73.0,107.2,1.0,0.0,1.0,1.0,1.0
138.48531,3.08,41.0,111.0,105.0,2.0,1.0,1.0,3.0,0.0
2578.1786,2.89,61.0,59.0,42.0,2.0,0.0,1.0,1.0,1.0
372.50135,3.38,56.0,111.0,78.0,1.0,0.0,2.0,1.0,1.0
293.23744,4.21,57.0,114.0,169.6,1.0,0.0,3.0,3.0,1.0
366.54242,3.25,39.0,146.0,78.0,3.0,1.0,1.0,5.0,1.0
105.50857,3.5,47.0,119.0,64.2,2.0,1.0,1.0,1.0,1.0
218.00458,2.68,45.0,79.0,72.0,3.0,1.0,1.0,1.0,1.0
169.95885,2.33,50.0,47.0,48.0,1.0,1.0,1.0,1.0,1.0
290.44639,2.89,56.0,101.0,152.0,1.0,1.0,1.0,1.0,1.0
234.9889,3.76,8.0,144.0,78.0,3.0,1.0,1.0,1.0,1.0
191.80679,3.44,61.0,77.0,78.0,1.0,1.0,1.0,1.0,1.0
195.20114,4.59,55.0,107.0,78.0,2.0,0.0,1.0,1.0,1.0
113.91137,3.9,45.0,5848.0,52.2,2.0,0.0,1.0,1.0,1.0
371.3967,3.31,1.0,154.0,81.0,1.0,0.0,1.0,1.0,0.0
254.27683,1.97,48.0,96.0,78.0,1.0,1.0,1.0,1.0,1.0
254.76061,2.96,47.0,151.0,132.0,3.0,1.0,1.0,1.0,1.0
47.92356,1.9,51.0,43.0,78.0,2.0,0.0,1.0,1.0,1.0
321.44973,1.72,35.0,108.0,78.0,2.0,0.0,1.0,1.0,1.0
68.82897,2.45,53.0,32.0,78.0,2.0,0.0,1.0,1.0,1.0
239.32018,2.68,65.0,128.0,58.2,3.0,0.0,1.0,1.0,1.0
74.70463,1.24,51.0,41.0,78.0,2.0,1.0,1.0,1.0,0.0
95.10928,3.18,43.0,40.0,35.2,2.0,0.0,1.0,1.0,1.0
251.9549,1.29,46.0,688.0,78.0,1.0,1.0,3.0,1.0,1.0
143.47129,2.87,42.0,56.0,78.4,3.0,1.0,1.0,1.0,0.0
287.15197,3.44,48.0,238.0,155.2,3.0,0.0,2.0,1.0,1.0
90.84932,1.87,34.0,5760.0,78.0,2.0,0.0,1.0,1.0,1.0
187.26617,2.51,10.0,148.0,78.0,2.0,1.0,1.0,2.0,1.0
119.64812,2.48,45.0,134.0,78.0,2.0,0.0,2.0,1.0,1.0
300.77182,2.97,14.0,146.0,84.0,3.0,0.0,2.0,4.0,1.0
444.56516,2.4,50.0,135.0,168.0,2.0,1.0,2.0,1.0,1.0
107.59629,1.55,22.0,63.0,27.0,2.0,1.0,1.0,1.0,1.0
233.69066,2.55,44.0,135.0,78.0,3.0,0.0,1.0,2.0,0.0
164.43206,3.11,31.0,37.0,40.0,1.0,0.0,1.0,1.0,0.0
513.093,2.1,48.0,152.0,78.0,2.0,1.0,3.0,1.0,1.0
184.18116,1.5,33.0,46.0,37.0,2.0,0.0,1.0,1.0,1.0
254.21612,3.09,24.0,98.0,78.0,1.0,0.0,1.0,1.0,1.0
244.39031,3.24,56.0,66.0,78.0,2.0,1.0,1.0,1.0,1.0
292.6281,2.72,45.0,102.0,96.0,1.0,1.0,1.0,2.0,0.0
79.00172,1.97,57.0,77.0,78.0,2.0,0.0,1.0,1.0,1.0
74.75105,2.38,50.0,61.0,78.0,2.0,0.0,1.0,1.0,1.0
173.4144,3.51,29.0,40.0,78.0,3.0,1.0,1.0,1.0,1.0
121.12918,2.27,48.0,128.0,72.6,2.0,0.0,3.0,2.0,1.0
336.21717,3.01,58.0,107.0,78.0,2.0,0.0,1.0,1.0,0.0
118.47669,3.12,36.0,60.0,78.0,2.0,0.0,1.0,1.0,1.0
308.02406,2.51,67.0,134.0,185.6,3.0,1.0,3.0,1.0,1.0
390.4694,1.55,45.0,151.0,78.0,1.0,0.0,1.0,1.0,1.0
52.52757,4.29,56.0,52.0,72.0,2.0,1.0,1.0,1.0,0.0
215.52463,1.75,38.0,90.0,78.0,2.0,0.0,1.0,1.0,1.0
152.21845,2.46,39.0,44.0,78.0,3.0,1.0,1.0,1.0,1.0
220.36385,4.76,54.0,151.0,78.0,3.0,0.0,1.0,4.0,0.0
96.47249,1.87,56.0,105.0,78.0,2.0,1.0,1.0,1.0,0.0
196.17191,2.46,56.0,66.0,78.0,2.0,0.0,2.0,1.0,1.0
139.55517,2.45,30.0,30.0,78.0,3.0,1.0,1.0,1.0,1.0
88.13581,2.4,33.0,35.0,44.8,2.0,0.0,1.0,1.0,0.0
304.29445,2.92,48.0,91.0,78.0,2.0,0.0,1.0,1.0,1.0
81.75812,2.66,12.0,58.0,40.0,2.0,1.0,1.0,1.0,1.0
95.59587,1.54,68.0,29.0,22.0,3.0,0.0,1.0,1.0,0.0
158.91664,2.98,56.0,102.0,97.0,2.0,0.0,1.0,2.0,1.0
133.81882,3.46,49.0,8253.0,78.0,2.0,0.0,1.0,1.0,1.0
119.33337,1.38,36.0,89.0,78.0,2.0,0.0,1.0,1.0,1.0
70.19246,1.03,65.0,35.0,48.0,3.0,1.0,1.0,1.0,0.0
417.27371,3.19,45.0,131.0,78.0,1.0,1.0,1.0,2.0,1.0
167.14779,1.77,45.0,145.0,78.0,2.0,0.0,1.0,1.0,1.0
317.98808,1.95,58.0,146.0,78.0,3.0,1.0,3.0,1.0,1.0
133.11111,4.92,18.0,60.0,75.2,3.0,1.0,1.0,1.0,1.0
204.28201,2.64,65.0,59.0,30.6,1.0,1.0,1.0,1.0,1.0
299.41969,2.96,38.0,57.0,78.0,1.0,0.0,1.0,1.0,1.0
116.57451,1.9,38.0,58.0,78.0,3.0,1.0,1.0,1.0,1.0
197.53328,1.96,43.0,35.0,46.4,3.0,1.0,1.0,1.0,1.0
272.95012,2.93,46.0,116.0,58.8,1.0,1.0,2.0,1.0,0.0
118.3736,2.17,55.0,105.0,78.0,2.0,0.0,2.0,1.0,1.0
296.68559,2.2,66.0,99.0,55.8,1.0,0.0,1.0,1.0,1.0
219.33793,2.7,33.0,89.0,136.0,3.0,0.0,1.0,2.0,0.0
282.78057,2.55,23.0,271.0,161.6,3.0,0.0,3.0,1.0,1.0
464.04369,2.37,32.0,144.0,209.6,2.0,0.0,1.0,3.0,1.0
246.25371,2.93,56.0,122.0,184.0,3.0,0.0,1.0,1.0,1.0
211.36132,2.42,67.0,77.0,42.0,3.0,0.0,1.0,1.0,1.0
136.69641,2.54,45.0,147.0,84.0,2.0,1.0,3.0,1.0,1.0
246.71194,1.82,22.0,138.0,78.0,1.0,0.0,5.0,2.0,1.0
96.36782,2.78,50.0,31.0,15.0,1.0,1.0,1.0,1.0,1.0
475.4446,4.07,44.0,148.0,78.0,1.0,0.0,4.0,1.0,1.0
365.07845,2.13,41.0,149.0,230.4,1.0,0.0,2.0,1.0,1.0
255.39242,1.36,52.0,109.0,78.0,3.0,0.0,2.0,3.0,1.0
453.68752,4.93,42.0,162.0,78.0,2.0,0.0,1.0,2.0,1.0
46.24852,3.95,45.0,48.0,78.0,2.0,0.0,1.0,1.0,0.0
266.47092,2.6,35.0,136.0,196.8,3.0,1.0,3.0,1.0,0.0
175.46508,1.53,56.0,77.0,42.6,2.0,0.0,2.0,1.0,0.0
311.32293,1.69,70.0,146.0,78.0,3.0,0.0,2.0,3.0,0.0
423.23177,3.45,45.0,104.0,118.4,1.0,0.0,1.0,2.0,1.0
188.49035,1.1,38.0,41.0,57.6,3.0,0.0,1.0,1.0,1.0
343.83342,2.24,28.0,170.0,78.0,1.0,0.0,1.0,1.0,1.0
197.57396,3.97,45.0,164.0,78.0,2.0,1.0,1.0,5.0,1.0
91.36751,2.66,31.0,71.0,78.0,2.0,0.0,1.0,2.0,0.0
148.09447,2.3,70.0,45.0,60.8,1.0,0.0,1.0,1.0,0.0
189.19737,2.37,33.0,26.0,78.0,1.0,0.0,1.0,1.0,0.0
71.46134,2.11,49.0,37.0,78.0,2.0,0.0,1.0,1.0,1.0
129.10162,1.09,21.0,71.0,78.0,2.0,1.0,1.0,1.0,0.0
166.75554,3.39,43.0,5316.0,65.6,3.0,0.0,1.0,1.0,0.0
89.37498,1.43,54.0,7442.0,78.0,2.0,0.0,1.0,1.0,1.0
126.39767,4.6,45.0,42.0,35.0,3.0,0.0,1.0,1.0,1.0
132.92976,1.85,34.0,6446.0,78.0,2.0,1.0,1.0,3.0,0.0
130.58184,1.81,56.0,141.0,65.4,2.0,1.0,1.0,1.0,1.0
251.71002,3.71,7.0,91.0,78.0,1.0,0.0,1.0,1.0,1.0
3620.837,2.21,25.0,121.0,108.0,2.0,0.0,3.0,1.0,1.0
52.82677,2.13,32.0,58.0,31.2,2.0,0.0,1.0,1.0,1.0
162.5004,1.38,40.0,76.0,94.4,3.0,0.0,1.0,1.0,1.0
254.6641,3.77,56.0,148.0,78.0,3.0,1.0,1.0,2.0,1.0
352.29032,1.13,62.0,90.0,94.4,1.0,1.0,1.0,1.0,1.0
4229.2804,1.08,17.0,54.0,78.0,3.0,0.0,1.0,1.0,1.0
195.40573,4.28,57.0,33.0,78.0,2.0,1.0,1.0,1.0,1.0
315.56099,3.35,26.0,154.0,89.4,1.0,1.0,3.0,1.0,0.0
72.32297,1.59,45.0,92.0,51.6,2.0,1.0,1.0,1.0,1.0
125.74918,1.75,54.0,58.0,50.0,2.0,1.0,1.0,1.0,1.0
211.33658,2.87,54.0,121.0,78.0,2.0,0.0,1.0,1.0,0.0
144.43357,2.74,47.0,76.0,78.0,2.0,1.0,1.0,1.0,1.0
179.85409,1.54,49.0,69.0,64.0,1.0,1.0,1.0,1.0,1.0
422.58851,2.75,34.0,149.0,192.0,1.0,1.0,1.0,1.0,1.0
270.47976,2.38,66.0,120.0,100.0,2.0,1.0,1.0,1.0,1.0
202.875,2.84,64.0,122.0,69.6,2.0,1.0,2.0,1.0,1.0
222.31266,2.44,50.0,74.0,78.0,1.0,1.0,2.0,1.0,0.0
309.07386,1.99,63.0,154.0,78.0,1.0,0.0,3.0,1.0,0.0
145.39841,4.72,34.0,110.0,58.2,3.0,0.0,2.0,1.0,1.0
129.44935,2.59,45.0,65.0,78.0,2.0,1.0,1.0,1.0,0.0
122.34682,2.29,35.0,135.0,78.0,2.0,0.0,3.0,1.0,1.0
182.6746,1.98,39.0,64.0,78.0,3.0,0.0,1.0,1.0,1.0
140.09562,3.35,67.0,92.0,44.4,2.0,0.0,2.0,1.0,1.0
215.49329,3.19,45.0,116.0,172.8,3.0,1.0,1.0,1.0,0.0
417.00747,4.82,34.0,147.0,225.6,2.0,1.0,2.0,5.0,1.0
142.12557,2.5,16.0,76.0,71.0,2.0,1.0,1.0,1.0,1.0
242.63318,3.28,23.0,108.0,78.0,3.0,0.0,1.0,3.0,1.0
447.50945,2.19,28.0,162.0,132.0,1.0,1.0,1.0,5.0,1.0
419.67042,2.25,31.0,166.0,238.4,1.0,1.0,1.0,2.0,1.0
143.11076,1.66,44.0,112.0,56.4,3.0,0.0,2.0,1.0,1.0
98.00338,3.89,69.0,75.0,68.0,2.0,0.0,1.0,2.0,1.0
122.9839,3.97,71.0,131.0,78.0,2.0,0.0,1.0,2.0,0.0
115.3231,1.63,36.0,29.0,78.0,2.0,0.0,1.0,1.0,1.0
246.24276,1.55,60.0,64.0,81.6,1.0,1.0,1.0,1.0,1.0
74.49589,1.02,66.0,42.0,78.0,2.0,1.0,1.0,1.0,0.0
68.12517,1.72,45.0,109.0,62.4,2.0,0.0,1.0,3.0,0.0
147.07551,3.34,45.0,55.0,78.0,2.0,1.0,1.0,1.0,1.0
195.55564,1.2,34.0,79.0,99.2,3.0,0.0,2.0,1.0,1.0
170.46746,3.43,64.0,106.0,148.8,2.0,0.0,1.0,1.0,1.0
434.46664,2.46,45.0,118.0,78.0,1.0,1.0,1.0,1.0,1.0
133.7091,1.89,37.0,126.0,193.6,2.0,0.0,1.0,1.0,1.0
3419.3726,2.83,45.0,95.0,78.0,3.0,0.0,2.0,1.0,1.0
150.42451,2.11,45.0,109.0,78.0,2.0,0.0,1.0,1.0,1.0
277.54114,1.74,44.0,155.0,78.0,1.0,0.0,2.0,1.0,1.0
119.2975,2.68,18.0,68.0,81.6,3.0,0.0,1.0,1.0,0.0
43.35417,2.32,37.0,49.0,78.0,2.0,0.0,1.0,1.0,1.0
236.12089,1.56,44.0,122.0,116.0,2.0,0.0,1.0,2.0,1.0
64.47723,2.39,59.0,40.0,43.2,2.0,1.0,1.0,1.0,1.0
110.53618,2.41,15.0,25.0,20.0,2.0,1.0,1.0,1.0,0.0
83.87694,3.31,45.0,86.0,78.0,2.0,0.0,1.0,1.0,1.0
275.23401,3.22,45.0,97.0,78.0,1.0,0.0,1.0,1.0,0.0
193.1176,3.44,34.0,28.0,35.2,1.0,1.0,1.0,1.0,1.0
502.1608,2.76,10.0,138.0,211.2,2.0,1.0,1.0,2.0,1.0
244.24278,1.95,45.0,109.0,78.0,2.0,0.0,2.0,1.0,1.0
410.6043,2.83,58.0,141.0,78.0,1.0,1.0,3.0,3.0,1.0
92.01383,1.52,45.0,55.0,28.8,2.0,0.0,1.0,1.0,0.0
181.15595,1.92,62.0,73.0,107.2,3.0,0.0,1.0,2.0,1.0
210.03776,2.91,45.0,67.0,35.4,3.0,1.0,1.0,1.0,1.0
229.97021,1.47,9.0,107.0,78.0,2.0,0.0,1.0,3.0,1.0
157.34892,1.29,59.0,123.0,107.0,2.0,1.0,3.0,2.0,0.0
77.34537,1.87,65.0,39.0,34.0,2.0,1.0,1.0,1.0,1.0
96.57702,3.37,40.0,54.0,78.0,2.0,0.0,1.0,1.0,1.0
4311.0886,3.36,56.0,92.0,78.0,3.0,0.0,2.0,1.0,0.0
334.88286,3.33,53.0,96.0,78.0,1.0,0.0,2.0,1.0,0.0
271.09459,2.88,44.0,73.0,88.0,1.0,0.0,1.0,1.0,1.0
486.33016,2.57,24.0,138.0,211.2,1.0,0.0,3.0,2.0,1.0
255.47721,2.47,54.0,126.0,113.0,2.0,0.0,1.0,2.0,1.0
195.99372,1.32,21.0,100.0,78.0,1.0,0.0,1.0,1.0,1.0
90.11415,3.4,45.0,70.0,78.0,2.0,0.0,1.0,1.0,0.0
182.68427,2.91,31.0,140.0,132.0,2.0,0.0,5.0,2.0,1.0
171.50128,1.05,58.0,157.0,89.4,3.0,1.0,1.0,2.0,1.0
304.06999,2.41,34.0,53.0,36.0,1.0,0.0,1.0,1.0,1.0
132.80321,1.55,55.0,144.0,78.0,2.0,0.0,1.0,1.0,1.0
141.42154,2.16,45.0,147.0,84.6,2.0,0.0,1.0,1.0,1.0
211.85183,2.16,59.0,60.0,78.0,1.0,0.0,1.0,1.0,1.0
216.60641,2.8,33.0,70.0,78.0,3.0,1.0,1.0,1.0,1.0
289.11953,1.51,17.0,96.0,78.0,2.0,0.0,2.0,1.0,0.0
268.55608,1.82,44.0,115.0,155.2,1.0,1.0,2.0,1.0,0.0
136.7994,2.22,43.0,92.0,51.6,2.0,0.0,2.0,1.0,1.0
201.02982,3.42,20.0,77.0,78.0,2.0,0.0,1.0,1.0,1.0
205.64311,2.47,34.0,58.0,78.0,2.0,1.0,1.0,1.0,1.0
117.68647,2.2,16.0,39.0,18.6,2.0,0.0,1.0,1.0,1.0
158.83264,1.3,52.0,99.0,83.0,3.0,0.0,2.0,1.0,1.0
135.85786,2.61,39.0,47.0,78.0,1.0,0.0,1.0,1.0,1.0
145.54181,1.21,50.0,82.0,78.0,2.0,1.0,2.0,1.0,1.0
199.70758,2.94,45.0,39.0,33.6,1.0,0.0,1.0,1.0,1.0
221.0692,2.66,52.0,120.0,78.0,3.0,0.0,3.0,2.0,0.0
168.7687,4.38,56.0,147.0,85.2,2.0,0.0,1.0,1.0,1.0
217.21752,4.18,61.0,56.0,41.6,1.0,1.0,1.0,1.0,1.0
182.74675,1.78,46.0,35.0,78.0,1.0,1.0,1.0,1.0,1.0
152.93222,1.85,38.0,83.0,78.0,3.0,0.0,1.0,2.0,1.0
143.72133,3.27,65.0,154.0,78.0,2.0,0.0,4.0,5.0,0.0
411.05078,3.95,70.0,136.0,208.0,1.0,0.0,4.0,3.0,0.0
200.78245,3.52,1.0,33.0,43.2,3.0,1.0,1.0,1.0,1.0
108.39461,2.58,46.0,89.0,78.0,2.0,1.0,2.0,2.0,1.0
150.37814,1.82,42.0,132.0,78.0,2.0,1.0,1.0,3.0,1.0
179.10788,1.63,36.0,115.0,78.0,2.0,0.0,1.0,1.0,1.0
123.85248,4.85,45.0,82.0,78.0,2.0,0.0,2.0,1.0,1.0
347.64431,3.64,38.0,157.0,78.0,3.0,1.0,3.0,1.0,1.0
113.02546,2.98,66.0,57.0,81.6,3.0,0.0,1.0,1.0,1.0
274.82811,2.54,38.0,91.0,78.0,1.0,1.0,1.0,2.0,1.0
287.57095,2.05,40.0,131.0,78.0,3.0,0.0,3.0,1.0,1.0
246.24659,2.38,64.0,114.0,172.8,2.0,0.0,1.0,3.0,1.0
391.29628,1.53,36.0,118.0,421.0,2.0,0.0,2.0,2.0,0.0
125.95653,2.71,45.0,83.0,46.2,2.0,1.0,1.0,2.0,0.0
142.27709,1.53,27.0,103.0,99.0,3.0,0.0,2.0,1.0,0.0
138.40271,2.67,31.0,35.0,18.0,3.0,1.0,1.0,1.0,1.0
325.62791,1.58,63.0,100.0,150.4,1.0,0.0,2.0,1.0,1.0
498.5805,2.43,60.0,151.0,235.2,1.0,1.0,2.0,5.0,1.0
381.65751,3.28,28.0,82.0,108.8,1.0,0.0,1.0,2.0,1.0
321.85678,3.56,26.0,69.0,38.4,1.0,1.0,1.0,1.0,1.0
140.90363,2.0,45.0,75.0,69.0,1.0,1.0,1.0,2.0,0.0
138.31909,1.8,36.0,68.0,78.0,2.0,1.0,1.0,1.0,0.0
90.36814,1.55,32.0,58.0,51.0,3.0,0.0,1.0,1.0,1.0
49.0218,1.61,59.0,35.0,78.0,3.0,0.0,1.0,1.0,0.0
378.38229,1.79,32.0,138.0,211.2,3.0,1.0,5.0,1.0,1.0
473.79742,2.01,41.0,136.0,78.0,2.0,0.0,1.0,1.0,1.0
66.09074,2.74,65.0,62.0,56.0,2.0,0.0,1.0,1.0,0.0
165.06985,1.36,67.0,87.0,49.2,3.0,0.0,1.0,2.0,0.0
103.06278,3.39,44.0,69.0,78.0,2.0,1.0,1.0,1.0,1.0
248.15639,1.3,45.0,121.0,61.8,1.0,0.0,1.0,1.0,1.0
118.3709,1.54,47.0,101.0,78.0,2.0,1.0,2.0,2.0,0.0
235.60505,3.4,44.0,98.0,41.4,3.0,0.0,1.0,1.0,0.0
172.15148,3.43,47.0,111.0,78.0,3.0,0.0,1.0,2.0,0.0
331.62908,2.77,42.0,152.0,79.2,3.0,1.0,3.0,2.0,1.0
80.65366,3.54,60.0,107.0,100.0,2.0,0.0,2.0,2.0,0.0
276.91167,1.09,54.0,95.0,88.0,1.0,1.0,2.0,1.0,1.0
112.76092,3.17,33.0,74.0,78.0,2.0,0.0,1.0,1.0,0.0
78.4156,3.39,51.0,55.0,22.2,3.0,0.0,1.0,1.0,0.0
206.24178,3.17,39.0,89.0,71.0,3.0,0.0,1.0,2.0,1.0
161.57501,1.94,36.0,136.0,63.0,2.0,0.0,1.0,1.0,1.0
29.12382,3.94,46.0,29.0,36.8,2.0,0.0,1.0,1.0,1.0
232.88285,3.13,71.0,117.0,78.0,3.0,0.0,1.0,2.0,0.0
175.82782,3.22,54.0,40.0,78.0,2.0,0.0,1.0,1.0,0.0
99.12965,3.62,45.0,75.0,41.4,3.0,1.0,1.0,1.0,0.0
1688.549,2.04,45.0,124.0,78.0,2.0,0.0,1.0,1.0,0.0
196.04302,3.13,48.0,92.0,78.0,1.0,0.0,2.0,1.0,1.0
256.66968,2.36,37.0,104.0,97.0,1.0,1.0,2.0,1.0,0.0
235.46423,2.63,33.0,122.0,61.8,1.0,0.0,1.0,1.0,1.0
160.48132,3.89,54.0,153.0,73.2,2.0,0.0,3.0,1.0,1.0
75.05498,1.77,68.0,82.0,78.0,2.0,0.0,1.0,2.0,1.0
258.54079,2.0,45.0,63.0,78.0,2.0,0.0,1.0,1.0,1.0
209.20712,2.4,22.0,101.0,152.0,3.0,1.0,2.0,1.0,1.0
282.75244,2.49,68.0,114.0,83.0,1.0,0.0,1.0,1.0,0.0
188.06445,3.08,71.0,124.0,188.8,2.0,0.0,1.0,1.0,1.0
272.5281,4.69,45.0,114.0,78.0,1.0,1.0,1.0,1.0,1.0
160.81482,1.74,55.0,143.0,198.4,2.0,0.0,1.0,3.0,1.0
293.22569,1.57,47.0,131.0,78.0,3.0,1.0,1.0,1.0,1.0
258.02001,2.45,19.0,158.0,127.0,3.0,0.0,1.0,1.0,1.0
145.73291,2.57,33.0,89.0,78.0,2.0,1.0,1.0,1.0,1.0
381.74564,3.01,27.0,124.0,169.6,3.0,0.0,3.0,3.0,1.0
88.32336,3.54,28.0,50.0,78.0,3.0,0.0,1.0,1.0,1.0
116.27013,1.4,31.0,67.0,61.0,2.0,0.0,2.0,2.0,0.0
161.89041,2.0,18.0,120.0,78.0,3.0,0.0,1.0,1.0,0.0
70.47408,2.67,48.0,52.0,26.4,2.0,0.0,1.0,1.0,1.0
140.85076,1.54,55.0,97.0,129.6,2.0,0.0,1.0,1.0,1.0
88.11976,3.18,65.0,124.0,56.4,2.0,0.0,1.0,1.0,0.0
180.47539,1.8,46.0,84.0,78.0,1.0,0.0,1.0,1.0,0.0
171.82423,1.13,68.0,58.0,81.6,3.0,1.0,1.0,1.0,1.0
139.65865,1.43,69.0,153.0,146.0,2.0,1.0,1.0,1.0,0.0
115.69551,1.85,20.0,112.0,63.6,2.0,1.0,2.0,1.0,1.0
268.14479,2.46,42.0,64.0,78.0,2.0,0.0,1.0,1.0,0.0
305.33791,1.82,24.0,111.0,78.0,1.0,0.0,1.0,1.0,0.0
181.01721,3.19,30.0,145.0,78.0,2.0,0.0,1.0,1.0,1.0
188.58824,2.46,53.0,119.0,78.0,3.0,0.0,3.0,2.0,0.0
223.33836,2.18,43.0,60.0,78.0,3.0,1.0,1.0,1.0,1.0
211.7966,3.54,45.0,42.0,21.0,1.0,0.0,1.0,1.0,1.0
230.38905,1.6,45.0,48.0,78.0,1.0,0.0,1.0,1.0,1.0
51.61983,2.45,57.0,39.0,35.2,2.0,1.0,1.0,1.0,0.0
52.29736,1.62,46.0,56.0,78.4,2.0,0.0,1.0,1.0,0.0
94.25836,2.5,45.0,43.0,78.0,2.0,1.0,1.0,1.0,1.0
313.71622,2.83,49.0,148.0,78.0,2.0,0.0,5.0,2.0,1.0
112.0061,2.9,60.0,86.0,78.0,3.0,0.0,2.0,2.0,1.0
355.45707,3.24,35.0,72.0,104.0,1.0,0.0,2.0,1.0,1.0
178.23773,1.36,61.0,87.0,69.0,1.0,1.0,1.0,1.0,0.0
115.45939,2.37,44.0,120.0,78.0,2.0,0.0,1.0,1.0,0.0
1418.6308,4.0,71.0,45.0,78.0,3.0,1.0,1.0,1.0,1.0
324.18286,3.29,45.0,103.0,78.0,1.0,0.0,2.0,1.0,1.0
259.4694,4.1,45.0,106.0,86.0,2.0,0.0,2.0,1.0,0.0
116.21858,1.14,45.0,80.0,78.0,2.0,1.0,1.0,1.0,1.0
119.5363,3.09,22.0,33.0,28.0,3.0,0.0,1.0,1.0,1.0
113.40347,3.72,14.0,97.0,54.6,2.0,0.0,2.0,1.0,1.0
139.39768,1.64,43.0,49.0,67.2,1.0,0.0,1.0,1.0,1.0
162.8771,1.87,21.0,64.0,19.8,3.0,1.0,1.0,1.0,1.0
239.95638,3.0,17.0,38.0,78.0,1.0,0.0,1.0,1.0,1.0
65.19195,3.78,41.0,50.0,54.4,2.0,1.0,1.0,1.0,0.0
277.66786,1.48,29.0,106.0,78.0,3.0,1.0,1.0,2.0,1.0
62.52629,3.35,62.0,32.0,78.0,2.0,0.0,1.0,1.0,0.0
246.098,3.22,45.0,77.0,42.0,1.0,1.0,1.0,1.0,0.0
210.01202,2.43,45.0,63.0,78.0,1.0,0.0,1.0,1.0,0.0
175.29105,1.38,54.0,88.0,131.2,3.0,1.0,1.0,2.0,0.0
369.46555,4.86,16.0,158.0,140.0,3.0,0.0,1.0,1.0,1.0
296.60456,2.65,52.0,99.0,78.0,1.0,0.0,1.0,1.0,1.0
321.5148,2.22,35.0,130.0,78.0,2.0,0.0,1.0,3.0,1.0
90.40902,2.5,28.0,81.0,78.0,2.0,0.0,1.0,1.0,0.0
286.68171,2.56,13.0,80.0,78.0,1.0,0.0,2.0,1.0,1.0
354.10909,4.76,45.0,101.0,78.0,1.0,1.0,1.0,1.0,1.0
439.63775,2.92,18.0,120.0,78.0,2.0,0.0,3.0,1.0,1.0
166.16325,2.96,25.0,54.0,36.0,1.0,0.0,1.0,1.0,1.0
212.58618,1.91,49.0,150.0,87.0,3.0,1.0,1.0,1.0,1.0
209.99847,3.01,54.0,7817.0,78.0,2.0,0.0,1.0,2.0,1.0
299.73255,2.54,55.0,100.0,94.0,1.0,0.0,1.0,1.0,0.0
91.91269,1.29,51.0,47.0,78.0,2.0,0.0,1.0,1.0,1.0
72.41831,2.25,31.0,62.0,51.0,2.0,1.0,1.0,1.0,1.0
132.16322,3.01,66.0,96.0,78.0,3.0,1.0,1.0,1.0,1.0
258.63865,4.78,54.0,102.0,78.0,2.0,0.0,1.0,1.0,1.0
141.70574,3.7,19.0,122.0,55.2,2.0,0.0,1.0,2.0,1.0
135.9285,2.78,45.0,152.0,146.0,2.0,1.0,5.0,1.0,0.0
129.30496,3.65,44.0,134.0,78.0,2.0,1.0,1.0,1.0,1.0
290.26361,2.39,66.0,167.0,78.0,3.0,0.0,1.0,4.0,1.0
185.18494,2.8,21.0,91.0,115.2,2.0,1.0,1.0,1.0,1.0
325.75954,2.51,24.0,147.0,143.0,1.0,0.0,1.0,4.0,0.0
111.87648,2.66,39.0,114.0,109.0,2.0,0.0,1.0,1.0,1.0
137.96769,3.13,35.0,116.0,177.6,2.0,0.0,2.0,1.0,1.0
254.88464,4.01,70.0,61.0,43.0,2.0,0.0,1.0,1.0,0.0
34.5637,1.82,15.0,901.0,13.8,2.0,0.0,1.0,1.0,1.0
177.27665,2.05,52.0,51.0,78.0,1.0,0.0,1.0,1.0,1.0
347.85033,3.32,28.0,132.0,78.0,1.0,1.0,1.0,1.0,1.0
116.07669,4.47,18.0,70.0,78.0,2.0,0.0,1.0,1.0,1.0
160.16198,3.07,54.0,151.0,78.0,2.0,1.0,1.0,3.0,1.0
92.33584,2.68,37.0,118.0,113.0,2.0,1.0,2.0,1.0,0.0
51.11062,2.02,45.0,52.0,73.6,2.0,1.0,1.0,1.0,0.0
205.07658,3.28,48.0,123.0,63.0,1.0,1.0,1.0,1.0,0.0
190.05984,2.32,45.0,118.0,78.0,3.0,0.0,2.0,1.0,1.0
156.40095,3.19,23.0,93.0,78.0,2.0,0.0,1.0,1.0,0.0
286.55452,3.07,46.0,129.0,196.8,3.0,0.0,3.0,1.0,1.0
233.35017,4.68,51.0,114.0,78.0,2.0,0.0,1.0,2.0,1.0
252.34981,4.43,51.0,89.0,78.0,2.0,0.0,1.0,1.0,1.0
389.19463,1.52,42.0,145.0,78.0,1.0,1.0,2.0,1.0,0.0
407.8944,2.8,33.0,123.0,190.4,1.0,1.0,1.0,1.0,0.0
140.39316,4.92,1.0,43.0,60.8,2.0,0.0,1.0,1.0,1.0
64.17935,3.62,38.0,59.0,81.6,2.0,0.0,1.0,1.0,1.0
107.51962,1.75,32.0,104.0,59.4,2.0,0.0,1.0,1.0,1.0
446.34564,2.25,44.0,134.0,204.8,1.0,1.0,3.0,1.0,1.0
177.25217,4.65,66.0,145.0,78.0,3.0,0.0,3.0,1.0,1.0
178.8147,3.48,45.0,56.0,50.0,3.0,1.0,1.0,1.0,1.0
51.46267,2.47,59.0,49.0,35.0,2.0,0.0,1.0,1.0,1.0
140.67665,2.36,70.0,62.0,88.0,2.0,1.0,1.0,1.0,1.0
86.76399,1.27,61.0,76.0,78.0,2.0,1.0,1.0,2.0,1.0
109.20492,2.31,64.0,38.0,78.0,3.0,0.0,1.0,1.0,0.0
43.82441,1.91,61.0,42.0,78.0,2.0,1.0,1.0,1.0,0.0
368.0579,2.02,45.0,165.0,216.0,3.0,0.0,5.0,1.0,1.0
397.38403,1.94,42.0,138.0,78.0,1.0,1.0,1.0,3.0,1.0
151.21137,2.67,53.0,79.0,115.2,1.0,0.0,1.0,1.0,0.0
211.13986,2.9,45.0,117.0,78.0,1.0,0.0,1.0,2.0,0.0
164.1944,2.3,65.0,147.0,141.0,2.0,1.0,1.0,1.0,0.0
59.34682,2.65,45.0,43.0,22.2,2.0,0.0,1.0,1.0,1.0
169.5888,1.91,25.0,50.0,67.2,1.0,0.0,1.0,1.0,0.0
216.88253,1.65,57.0,74.0,67.0,2.0,1.0,1.0,1.0,1.0
331.94119,1.14,57.0,119.0,66.6,1.0,1.0,1.0,1.0,1.0
116.25114,1.9,62.0,40.0,78.0,2.0,1.0,1.0,1.0,1.0
2749.9452,2.74,22.0,109.0,78.0,2.0,1.0,2.0,1.0,1.0
57.45561,2.7,13.0,40.0,78.0,2.0,1.0,1.0,1.0,1.0
168.41756,2.68,5.0,126.0,78.0,2.0,0.0,2.0,1.0,0.0
171.23345,3.45,42.0,66.0,97.6,2.0,0.0,2.0,1.0,1.0
110.8619,2.27,45.0,131.0,78.0,2.0,0.0,1.0,2.0,0.0
157.61555,1.54,55.0,129.0,78.0,2.0,1.0,2.0,2.0,1.0
88.43567,3.19,25.0,46.0,78.0,3.0,1.0,1.0,1.0,1.0
269.7886,2.7,57.0,114.0,78.0,2.0,0.0,2.0,1.0,1.0
386.70969,2.84,44.0,115.0,78.0,1.0,0.0,1.0,1.0,1.0
103.41371,2.87,54.0,53.0,78.0,2.0,0.0,1.0,1.0,0.0
211.41496,2.47,42.0,74.0,78.0,1.0,0.0,1.0,1.0,0.0
271.73565,1.63,25.0,67.0,78.0,1.0,0.0,1.0,1.0,1.0
301.30353,3.1,39.0,76.0,108.8,1.0,0.0,1.0,1.0,0.0
291.17924,3.34,64.0,139.0,195.2,3.0,0.0,1.0,3.0,1.0
144.6681,1.62,55.0,56.0,49.0,3.0,1.0,1.0,1.0,1.0
89.92904,1.95,45.0,62.0,19.2,2.0,1.0,1.0,1.0,1.0
302.20508,1.37,30.0,81.0,46.2,1.0,0.0,1.0,1.0,1.0
218.26887,1.68,70.0,146.0,140.0,1.0,0.0,1.0,1.0,0.0
227.53344,1.47,52.0,92.0,78.0,2.0,0.0,1.0,1.0,1.0
374.48439,1.73,55.0,109.0,63.0,1.0,0.0,1.0,3.0,1.0
109.71902,2.68,45.0,67.0,61.0,2.0,1.0,2.0,2.0,0.0
258.68784,2.0,49.0,136.0,187.2,2.0,0.0,1.0,1.0,1.0
275.65974,1.42,56.0,166.0,78.0,2.0,1.0,1.0,1.0,1.0
179.08644,3.36,63.0,45.0,78.0,1.0,0.0,1.0,1.0,0.0
173.36501,1.24,63.0,150.0,71.4,2.0,0.0,2.0,1.0,0.0
200.54205,2.17,67.0,160.0,78.0,3.0,0.0,2.0,1.0,1.0
249.91798,2.47,45.0,79.0,118.4,3.0,1.0,1.0,2.0,1.0
273.78549,4.34,59.0,151.0,145.0,3.0,0.0,2.0,4.0,0.0
128.43057,2.63,42.0,73.0,78.0,2.0,0.0,1.0,1.0,1.0
315.15318,1.35,45.0,150.0,78.0,1.0,1.0,1.0,3.0,0.0
155.6722,2.53,49.0,122.0,185.6,2.0,0.0,1.0,3.0,0.0
182.68257,4.83,57.0,96.0,54.0,1.0,0.0,1.0,1.0,1.0
157.06513,2.02,35.0,159.0,78.0,2.0,1.0,1.0,3.0,1.0
198.74301,2.04,7.0,150.0,78.0,3.0,0.0,1.0,1.0,1.0
179.57221,3.8,35.0,115.0,78.0,3.0,0.0,1.0,1.0,0.0
57.81793,1.3,51.0,46.0,78.0,2.0,0.0,1.0,1.0,1.0
54.433,1.4,61.0,30.0,21.0,2.0,0.0,1.0,1.0,0.0
121.67632,2.75,52.0,80.0,30.0,2.0,0.0,1.0,1.0,1.0
193.85279,1.82,69.0,122.0,78.0,2.0,1.0,2.0,1.0,1.0
164.99539,3.84,71.0,84.0,78.0,3.0,1.0,1.0,1.0,1.0
413.52888,1.99,70.0,141.0,216.0,1.0,0.0,5.0,3.0,0.0
196.2894,1.94,50.0,109.0,61.8,3.0,0.0,1.0,1.0,1.0
127.96185,4.93,52.0,140.0,75.6,2.0,1.0,1.0,1.0,0.0
151.15993,2.01,47.0,31.0,15.0,3.0,0.0,1.0,1.0,1.0
338.67113,2.35,33.0,134.0,164.8,3.0,0.0,1.0,1.0,1.0
104.30021,1.17,45.0,65.0,78.0,2.0,1.0,2.0,1.0,1.0
304.19322,1.19,26.0,108.0,78.0,3.0,0.0,2.0,1.0,1.0
118.33721,2.85,50.0,82.0,65.0,2.0,1.0,2.0,1.0,1.0
238.31858,2.8,55.0,105.0,78.0,3.0,1.0,2.0,2.0,1.0
130.36072,2.43,7.0,40.0,78.0,1.0,0.0,1.0,1.0,1.0
123.46958,3.72,67.0,78.0,78.0,3.0,0.0,2.0,2.0,1.0
203.16892,3.06,44.0,105.0,78.0,3.0,1.0,3.0,1.0,0.0
113.58521,4.59,55.0,35.0,78.0,1.0,1.0,1.0,1.0,1.0
115.27401,3.05,45.0,74.0,72.0,2.0,0.0,1.0,1.0,0.0
90.07284,2.82,21.0,59.0,78.0,2.0,0.0,1.0,1.0,1.0
120.95678,2.0,54.0,158.0,78.0,2.0,0.0,4.0,4.0,0.0
77.93364,4.34,54.0,64.0,58.0,2.0,0.0,1.0,1.0,0.0
129.40159,1.65,45.0,26.0,78.0,3.0,0.0,1.0,1.0,0.0
349.5543,1.87,60.0,101.0,134.4,1.0,1.0,1.0,1.0,0.0
333.72652,1.19,18.0,151.0,78.0,3.0,0.0,1.0,1.0,1.0
165.60909,1.6,45.0,138.0,79.2,2.0,1.0,1.0,1.0,1.0
166.8282,2.93,69.0,117.0,179.2,3.0,0.0,2.0,1.0,0.0
177.99818,2.11,65.0,95.0,142.4,3.0,1.0,1.0,1.0,1.0
2733.1256000000003,1.43,61.0,87.0,48.0,2.0,1.0,1.0,2.0,1.0
160.21089,1.0,37.0,74.0,78.0,2.0,0.0,2.0,2.0,0.0
190.89686,3.23,63.0,87.0,78.0,1.0,0.0,1.0,1.0,1.0
121.48984,3.0,44.0,56.0,80.0,1.0,0.0,1.0,1.0,0.0
212.13677,1.08,45.0,76.0,69.0,3.0,0.0,1.0,1.0,1.0
253.41368,1.78,45.0,165.0,78.0,2.0,1.0,1.0,1.0,1.0
194.0023,1.98,28.0,124.0,78.0,3.0,0.0,1.0,2.0,1.0
344.50236,3.24,45.0,152.0,78.0,1.0,0.0,1.0,1.0,1.0
131.9031,3.02,45.0,88.0,78.0,2.0,0.0,1.0,2.0,0.0
270.20042,4.79,40.0,26.0,78.0,1.0,1.0,1.0,1.0,1.0
109.52799,3.66,1.0,72.0,78.0,2.0,1.0,1.0,1.0,1.0
190.96767,1.51,45.0,109.0,160.0,3.0,1.0,1.0,3.0,1.0
171.38776,2.2,56.0,93.0,78.0,3.0,1.0,1.0,2.0,1.0
83.01776,4.25,41.0,102.0,57.6,2.0,0.0,1.0,1.0,1.0
162.68394,1.36,65.0,92.0,78.0,3.0,0.0,1.0,2.0,1.0
209.44499,1.75,34.0,117.0,78.0,2.0,1.0,2.0,1.0,0.0
115.66113,3.73,27.0,39.0,41.6,1.0,0.0,1.0,1.0,0.0
142.27199,2.18,45.0,33.0,15.6,1.0,0.0,1.0,1.0,1.0
257.89198,2.26,40.0,85.0,188.0,3.0,0.0,2.0,1.0,1.0
305.2625,1.5,60.0,126.0,78.0,1.0,1.0,1.0,1.0,1.0
193.95195,1.54,51.0,92.0,78.0,3.0,0.0,1.0,1.0,1.0
193.20385,3.78,69.0,113.0,57.0,1.0,0.0,2.0,2.0,1.0
303.82697,2.78,52.0,62.0,78.0,1.0,1.0,1.0,1.0,0.0
159.76489,2.55,12.0,74.0,108.8,2.0,0.0,1.0,2.0,1.0
272.27472,2.27,65.0,147.0,85.2,3.0,1.0,1.0,2.0,1.0
223.93528,2.51,40.0,135.0,78.0,2.0,0.0,2.0,1.0,1.0
153.51137,1.71,70.0,106.0,78.0,1.0,0.0,1.0,2.0,0.0
126.32346,1.14,52.0,90.0,78.0,2.0,0.0,1.0,1.0,1.0
62.98193,2.38,45.0,54.0,28.2,3.0,0.0,1.0,1.0,1.0
2045.777,1.61,45.0,72.0,66.0,2.0,0.0,1.0,2.0,1.0
157.18532,2.69,11.0,130.0,78.0,3.0,0.0,1.0,1.0,1.0
254.97789,3.35,43.0,107.0,60.0,1.0,1.0,3.0,1.0,1.0
200.47126,1.95,62.0,97.0,78.0,3.0,0.0,2.0,2.0,1.0
214.69739,1.68,44.0,116.0,78.0,3.0,0.0,1.0,1.0,0.0
157.34342,1.68,40.0,101.0,78.0,2.0,0.0,1.0,1.0,1.0
139.26567,2.04,45.0,44.0,78.0,3.0,0.0,1.0,1.0,0.0
101.51808,3.26,47.0,37.0,78.0,2.0,0.0,1.0,1.0,1.0
209.01239,2.27,45.0,72.0,78.0,3.0,1.0,1.0,2.0,0.0
271.19458,4.2,54.0,151.0,87.6,1.0,1.0,1.0,1.0,1.0
81.76093,2.36,22.0,35.0,17.4,2.0,0.0,1.0,1.0,0.0
409.04355,1.8,32.0,137.0,187.2,2.0,0.0,1.0,1.0,0.0
87.12608,2.09,46.0,92.0,140.8,2.0,1.0,1.0,2.0,0.0
171.8973,1.58,57.0,29.0,35.2,3.0,1.0,1.0,1.0,1.0
143.92162,1.9,36.0,105.0,137.6,2.0,0.0,2.0,1.0,1.0
239.41815,1.22,22.0,86.0,78.0,2.0,0.0,1.0,2.0,0.0
86.42006,3.67,30.0,75.0,78.0,2.0,0.0,1.0,1.0,1.0
201.3437,2.21,39.0,148.0,85.2,3.0,0.0,4.0,1.0,0.0
92.06353,3.0,33.0,70.0,443.0,2.0,1.0,1.0,1.0,1.0
204.63713,2.3,42.0,177.0,78.0,2.0,0.0,2.0,3.0,1.0
228.08484,3.74,45.0,76.0,91.2,1.0,0.0,1.0,1.0,0.0
88.72876,2.43,59.0,69.0,78.0,2.0,1.0,2.0,2.0,1.0
240.63634,2.86,35.0,150.0,78.0,3.0,1.0,4.0,5.0,1.0
95.92984,1.82,50.0,66.0,78.0,2.0,1.0,1.0,1.0,0.0
111.83389,2.28,45.0,93.0,78.0,2.0,1.0,1.0,1.0,1.0
263.30917,2.34,63.0,135.0,168.0,3.0,1.0,1.0,1.0,1.0
180.4642,3.63,47.0,94.0,78.0,3.0,1.0,1.0,2.0,1.0
104.73835,2.57,23.0,81.0,78.0,2.0,0.0,1.0,2.0,0.0
110.48571,3.93,20.0,48.0,78.0,2.0,0.0,1.0,1.0,1.0
3353.436,2.35,43.0,91.0,78.0,2.0,1.0,1.0,2.0,0.0
242.29123,2.16,49.0,59.0,78.0,3.0,0.0,1.0,1.0,1.0
238.72699,3.64,18.0,73.0,78.0,1.0,0.0,1.0,1.0,1.0
272.92755,1.31,26.0,97.0,90.0,2.0,1.0,1.0,2.0,1.0
166.32799,1.54,51.0,95.0,142.4,2.0,0.0,2.0,1.0,1.0
96.94244,2.28,6.0,121.0,64.2,2.0,0.0,1.0,1.0,1.0
164.8482,2.39,16.0,58.0,83.2,3.0,0.0,1.0,1.0,1.0
241.70598,1.76,50.0,99.0,48.0,1.0,1.0,1.0,2.0,0.0
34.74785,1.77,61.0,28.0,24.0,2.0,0.0,1.0,1.0,1.0
171.8645,2.49,57.0,117.0,78.0,2.0,1.0,1.0,1.0,1.0
193.51487,1.49,71.0,105.0,78.0,2.0,0.0,2.0,2.0,0.0
171.63997,1.79,45.0,82.0,75.0,1.0,1.0,1.0,1.0,1.0
162.41866,2.54,70.0,142.0,67.8,2.0,0.0,1.0,3.0,1.0
264.78869,2.2,45.0,153.0,147.0,2.0,1.0,1.0,1.0,0.0
214.517,3.36,45.0,74.0,40.8,1.0,0.0,1.0,1.0,1.0
377.25042,2.9,45.0,109.0,78.0,1.0,0.0,3.0,1.0,1.0
233.42289,1.84,69.0,102.0,136.0,3.0,0.0,1.0,2.0,1.0
113.48064,2.02,37.0,118.0,156.8,2.0,1.0,1.0,1.0,0.0
233.3957,2.18,59.0,86.0,81.0,3.0,0.0,2.0,1.0,1.0
304.74559,1.45,7.0,150.0,143.0,3.0,0.0,1.0,5.0,1.0
244.46725,2.54,44.0,115.0,108.0,1.0,0.0,1.0,3.0,1.0
101.1164,2.54,0.0,96.0,78.0,2.0,0.0,2.0,2.0,0.0
269.99713,2.03,44.0,131.0,78.0,1.0,1.0,2.0,2.0,1.0
113.37643,1.68,71.0,56.0,31.2,2.0,1.0,1.0,1.0,1.0
250.62453,2.67,54.0,94.0,78.0,2.0,0.0,2.0,2.0,1.0
505.54014,1.76,45.0,159.0,204.8,1.0,0.0,1.0,1.0,1.0
164.66335,1.6,52.0,66.0,78.0,1.0,0.0,1.0,1.0,1.0
124.97938,2.9,53.0,118.0,67.8,2.0,0.0,2.0,3.0,0.0
390.48985,4.12,45.0,169.0,83.4,2.0,0.0,1.0,1.0,1.0
144.5987,1.63,62.0,77.0,75.2,2.0,1.0,1.0,1.0,1.0
323.64656,2.94,49.0,158.0,78.0,1.0,0.0,5.0,3.0,0.0
152.29536,3.66,45.0,147.0,78.0,2.0,0.0,1.0,1.0,0.0
335.91621,1.35,45.0,119.0,78.0,1.0,0.0,1.0,1.0,1.0
180.72761,1.83,59.0,141.0,198.4,2.0,1.0,1.0,1.0,1.0
266.72218,2.22,29.0,118.0,78.0,3.0,0.0,2.0,1.0,1.0
2032.4594,1.9,62.0,34.0,78.0,1.0,0.0,1.0,1.0,1.0
152.02114,1.28,45.0,228.0,30.0,1.0,0.0,1.0,1.0,1.0
263.40766,2.13,67.0,85.0,77.0,2.0,1.0,2.0,1.0,0.0
179.02299,3.27,57.0,55.0,78.0,3.0,0.0,1.0,1.0,0.0
97.66805,2.86,69.0,81.0,78.0,2.0,1.0,1.0,2.0,1.0
233.80695,2.91,45.0,92.0,137.6,3.0,1.0,1.0,1.0,1.0
176.79039,2.32,0.0,164.0,88.8,2.0,1.0,3.0,1.0,1.0
158.11091,4.96,45.0,77.0,41.4,3.0,0.0,1.0,1.0,1.0
459.80158,2.33,68.0,129.0,195.2,1.0,1.0,3.0,1.0,1.0
385.56389,1.21,62.0,124.0,78.0,1.0,1.0,1.0,2.0,1.0
327.22381,1.69,41.0,119.0,78.0,1.0,0.0,1.0,2.0,0.0
52.10122,3.79,56.0,31.0,40.0,3.0,0.0,1.0,1.0,0.0
131.35647,3.16,63.0,47.0,62.4,2.0,1.0,1.0,1.0,1.0
244.81562,1.52,21.0,130.0,78.0,1.0,1.0,1.0,3.0,0.0
102.26676,1.41,66.0,27.0,13.2,2.0,1.0,1.0,1.0,1.0
344.22177,1.96,52.0,75.0,78.0,2.0,0.0,1.0,1.0,1.0
174.59285,1.39,45.0,32.0,78.0,3.0,1.0,1.0,1.0,1.0
175.80973,2.56,65.0,111.0,81.0,2.0,1.0,2.0,1.0,1.0
117.69319,1.99,48.0,73.0,67.0,3.0,0.0,1.0,2.0,1.0
114.55849,2.89,52.0,88.0,92.8,2.0,1.0,1.0,1.0,1.0
292.07195,1.62,64.0,7320.0,187.2,1.0,0.0,1.0,1.0,1.0
286.56117,2.05,55.0,47.0,78.0,1.0,1.0,1.0,1.0,1.0
205.37941,1.8,59.0,94.0,78.0,1.0,0.0,2.0,1.0,0.0
282.13536,3.29,37.0,99.0,129.6,1.0,0.0,2.0,1.0,1.0
186.82441,2.74,24.0,32.0,41.6,1.0,0.0,1.0,1.0,1.0
359.48594,2.47,40.0,117.0,113.0,1.0,0.0,1.0,2.0,1.0
128.11242,1.89,23.0,72.0,78.0,2.0,1.0,1.0,1.0,0.0
290.95095,2.02,36.0,134.0,206.4,3.0,0.0,2.0,3.0,0.0
226.64546,2.08,57.0,163.0,78.0,3.0,1.0,1.0,4.0,1.0
227.99903,4.42,17.0,107.0,53.4,3.0,0.0,1.0,1.0,1.0
